Column 1,Column 2,Column 3,Column 4,Column 5,Column 6,Column 7,Column 8,Column 9,Column 10
,,,,,139296.92500305176,,,,
,,,,,136156.54664611816,,,,
,,,,,135770.62393188477,,,,
,,,,,135758.33894348145,,,,
,,,,,135703.26092529297,,,,
,,,,,135733.17613220215,,,,
,,,,,135815.84922790527,,,,
,,,,,135830.20532226562,,,,
,,,,,135703.23374938965,,,,
,,,,,135792.19589233398,,,,
,,,,,135653.77180480957,,,,
,,,,,135766.30856323242,,,,
