Column 1,Column 2,Column 3,Column 4,Column 5,Column 6,Column 7,Column 8,Column 9,Column 10,"(0.01, 0, 0) C-11"
,inf,,,,,,,,,
,1.497899515504008e+28,,,,,,,,,
,6.491196632805776e+20,,,,,,,,,
,1.0185275075841964e+20,,,,,,,,,
,1.067541016849605e+20,,,,,,,,,
,1.1144961728738809e+20,,,,,,,,,
,1.1050447090739891e+20,,,,,,,,,
,1.1292744887175429e+20,,,,,,,,,
,1.1098404223979618e+20,,,,,,,,,
,1.1096909854533485e+20,,,,,,,,,
,1.10944173295338e+20,,,,,,,,,
,1.0781888336536745e+20,,,,,,,,,
