"lr=0.001,steps=5,alpha=0.5","lr=0.001,steps=5,alpha=0.75","lr=0.001,steps=5,alpha=0.9","lr=0.001,steps=10,alpha=0.5","lr=0.001,steps=10,alpha=0.75","lr=0.001,steps=10,alpha=0.9","lr=0.001,steps=15,alpha=0.5","lr=0.001,steps=15,alpha=0.75","lr=0.001,steps=15,alpha=0.9","lr=0.003,steps=5,alpha=0.5","lr=0.003,steps=5,alpha=0.75","lr=0.003,steps=5,alpha=0.9","lr=0.003,steps=10,alpha=0.5","lr=0.003,steps=10,alpha=0.75","lr=0.003,steps=10,alpha=0.9","lr=0.003,steps=15,alpha=0.5","lr=0.003,steps=15,alpha=0.75","lr=0.003,steps=15,alpha=0.9","lr=0.0001,steps=5,alpha=0.5","lr=0.0001,steps=5,alpha=0.75","lr=0.0001,steps=5,alpha=0.9","lr=0.0001,steps=10,alpha=0.5","lr=0.0001,steps=10,alpha=0.75","lr=0.0001,steps=10,alpha=0.9","lr=0.0001,steps=15,alpha=0.5","lr=0.0001,steps=15,alpha=0.75","lr=0.0001,steps=15,alpha=0.9"
34622.51418495178,35153.70923233032,31186.89206314087,39767.67778015137,34818.48086547852,33335.360692977905,36798.06210899353,37813.18019104004,32390.36273956299,43758.90904045105,43922.20454788208,35673.90005493164,41927.2117729187,40468.56172943115,37074.2557888031,42966.54111671448,36431.24608230591,37124.08675765991,49523.81077957153,45634.508460998535,45001.17778015137,49623.17347717285,45585.41759490967,44736.62559127808,49341.64012527466,45297.34140014648,43583.518993377686
21590.430545806885,21925.507610321045,19885.088995933533,24575.78748893737,22337.427898406982,21347.460176467896,23128.14268875122,23960.62278938293,20631.5424194336,23154.71949863434,23531.054271698,22492.83205795288,24855.28102874756,23421.49048995972,22046.04680633545,23959.38198661804,22019.909324646,22189.57585716248,34959.38301849365,31156.073654174805,31325.025245666504,34435.87034988403,31849.12985420227,30742.48522377014,34282.47385787964,30952.27247810364,29696.789054870605
18339.526830673218,19033.12430858612,16997.079076766968,20979.5468082428,19254.23188972473,18416.05368232727,19776.24299621582,20713.561826705933,17968.860823631287,20352.48462963104,21370.9232788086,20195.95842552185,21915.924757003784,20495.59261989593,20017.27995204925,21242.799036026,20085.505823135376,19764.49506187439,30844.367252349854,27230.279266357426,27092.74585723877,30313.93782043457,27880.291915893555,26724.87242698669,30078.11197090149,26764.411600112915,25921.14849472046
