"lr=0.001,steps=5,alpha=0.5","lr=0.001,steps=5,alpha=0.75","lr=0.001,steps=5,alpha=0.9","lr=0.001,steps=10,alpha=0.5","lr=0.001,steps=10,alpha=0.75","lr=0.001,steps=10,alpha=0.9","lr=0.001,steps=15,alpha=0.5","lr=0.001,steps=15,alpha=0.75","lr=0.001,steps=15,alpha=0.9","lr=0.003,steps=5,alpha=0.5","lr=0.003,steps=5,alpha=0.75","lr=0.003,steps=5,alpha=0.9","lr=0.003,steps=10,alpha=0.5","lr=0.003,steps=10,alpha=0.75","lr=0.003,steps=10,alpha=0.9","lr=0.003,steps=15,alpha=0.5","lr=0.003,steps=15,alpha=0.75","lr=0.003,steps=15,alpha=0.9","lr=0.0001,steps=5,alpha=0.5","lr=0.0001,steps=5,alpha=0.75","lr=0.0001,steps=5,alpha=0.9","lr=0.0001,steps=10,alpha=0.5","lr=0.0001,steps=10,alpha=0.75","lr=0.0001,steps=10,alpha=0.9","lr=0.0001,steps=15,alpha=0.5","lr=0.0001,steps=15,alpha=0.75","lr=0.0001,steps=15,alpha=0.9"
56751.02082061768,50725.34027290344,49355.93184280396,54850.49143600464,49744.40518951416,49996.32203674317,61154.61331176758,53027.549880981445,49132.80634117127,63971.67339324951,,,83251.42942428589,,,76156.77872848511,61284.4445476532,,103660.6618270874,82691.80995178223,80768.3452835083,98752.433883667,84539.0283279419,81176.98441314697,104877.33976745604,81383.20030212402,80539.7663192749
33029.56939506531,28492.22198867798,27510.44390106201,32589.77990150452,28418.47003936768,27282.99786567688,33421.866205215454,28818.03534889221,27458.784770965576,29535.08687210083,,,,,,32873.70215797424,27807.63809585572,,52682.827854156494,47284.73400115967,44874.71310043335,52186.883991241455,47121.22700881958,44419.75900268555,53282.2366065979,47321.098346710205,44688.93661117554
27659.817476272583,23797.55928611756,23490.6084022522,27292.95164489746,24006.518171310425,23046.521056175232,28560.27585220337,24056.89764213562,22939.044689178467,24114.71089363098,,,,,,26434.74064064026,22832.665998458862,,45575.9606590271,41700.973487854,38909.41479873657,45994.566387176514,41024.340366363525,38649.06326293945,45352.25458526611,41146.76510620117,38905.040660858154
