"lr=0.001,steps=5,alpha=0.5","lr=0.001,steps=5,alpha=0.75","lr=0.001,steps=5,alpha=0.9","lr=0.001,steps=10,alpha=0.5","lr=0.001,steps=10,alpha=0.75","lr=0.001,steps=10,alpha=0.9","lr=0.001,steps=15,alpha=0.5","lr=0.001,steps=15,alpha=0.75","lr=0.001,steps=15,alpha=0.9","lr=0.003,steps=5,alpha=0.5","lr=0.003,steps=5,alpha=0.75","lr=0.003,steps=5,alpha=0.9","lr=0.003,steps=10,alpha=0.5","lr=0.003,steps=10,alpha=0.75","lr=0.003,steps=10,alpha=0.9","lr=0.003,steps=15,alpha=0.5","lr=0.003,steps=15,alpha=0.75","lr=0.003,steps=15,alpha=0.9","lr=0.0001,steps=5,alpha=0.5","lr=0.0001,steps=5,alpha=0.75","lr=0.0001,steps=5,alpha=0.9","lr=0.0001,steps=10,alpha=0.5","lr=0.0001,steps=10,alpha=0.75","lr=0.0001,steps=10,alpha=0.9","lr=0.0001,steps=15,alpha=0.5","lr=0.0001,steps=15,alpha=0.75","lr=0.0001,steps=15,alpha=0.9"
34424.46442985535,30883.02965927124,31156.86297988892,34642.4095287323,35122.32855796814,31246.4106426239,35258.44180297852,34169.94335746765,32369.694248199463,36070.99268531799,33857.92728996277,34871.17170715332,35715.693212509155,33202.3837184906,32201.70330619812,35628.308837890625,32540.222171783447,32348.000455856323,49755.38976287842,46569.05495071411,45481.52961349487,50515.13516235352,45118.35576248169,44845.62768936157,50006.25166320801,46366.45734024048,45370.774028778076
21840.16502189636,19539.768098831177,19964.91163921356,22042.976737976074,21454.085760116577,20199.758969306946,22203.87964630127,21371.336668014526,20807.10966205597,21614.392612457275,21328.215772628784,22236.788977622982,22824.14800643921,21637.79646873474,21369.58724689484,22939.2449092865,21098.15515708924,23383.258966445923,34521.892417907715,31802.43956375122,30754.5437335968,34021.77373123169,30516.94468688965,30250.23195266724,34415.66662597656,31533.63129234314,30874.525548934937
18565.48558807373,16784.58697128296,17269.334456443787,18609.364749908447,18270.62680244445,17399.781692504883,18718.838994026184,18446.363110542297,17884.53898048401,18848.4323720932,19206.791917800903,20040.1160364151,20299.138610839844,19134.356013298035,19061.67078590393,20225.148929595947,18678.04683113098,19686.38199424744,30453.04872894287,27682.993659973145,26495.007829666138,29650.45436668396,26344.123378753666,26201.043714523315,30027.3049659729,27216.83583450317,26644.132850646973
