"lr=0.001,steps=5,alpha=0.5","lr=0.001,steps=5,alpha=0.75","lr=0.001,steps=5,alpha=0.9","lr=0.001,steps=10,alpha=0.5","lr=0.001,steps=10,alpha=0.75","lr=0.001,steps=10,alpha=0.9","lr=0.001,steps=15,alpha=0.5","lr=0.001,steps=15,alpha=0.75","lr=0.001,steps=15,alpha=0.9","lr=0.003,steps=5,alpha=0.5","lr=0.003,steps=5,alpha=0.75","lr=0.003,steps=5,alpha=0.9","lr=0.003,steps=10,alpha=0.5","lr=0.003,steps=10,alpha=0.75","lr=0.003,steps=10,alpha=0.9","lr=0.003,steps=15,alpha=0.5","lr=0.003,steps=15,alpha=0.75","lr=0.003,steps=15,alpha=0.9","lr=0.0001,steps=5,alpha=0.5","lr=0.0001,steps=5,alpha=0.75","lr=0.0001,steps=5,alpha=0.9","lr=0.0001,steps=10,alpha=0.5","lr=0.0001,steps=10,alpha=0.75","lr=0.0001,steps=10,alpha=0.9","lr=0.0001,steps=15,alpha=0.5","lr=0.0001,steps=15,alpha=0.75","lr=0.0001,steps=15,alpha=0.9"
71116.98839187622,57253.74279403687,55215.96212005615,69383.86471557617,61259.64535903931,62869.23494338989,67240.70375823975,64442.77408218384,57693.22193527222,,,,,,,,,,106740.02256774902,89454.61126708984,89133.69546508789,107453.6451034546,93519.82982635498,86616.68950653076,104283.27493286131,95382.993850708,85365.09530639648
37061.751567840576,31801.74839401245,29344.789306640625,36180.60660362244,32144.6698513031,30419.946533203125,35988.75649833679,31316.80243873596,,,,,,,,,,,57565.79595184326,49475.10706329346,47053.28229904175,58369.176570892334,48272.12445831299,48057.91357040405,55854.7626914978,50157.34275817871,46816.01008987427
30217.8547115326,25983.85043907165,24400.55909538269,30307.033658981323,26332.81746673584,25088.38806152344,29539.143600463867,25753.69511604309,,,,,,,,,,,47307.260723114014,41752.851779937744,39784.30799865723,47680.93196105957,40945.68768310547,40519.93788528442,45492.21812438965,42372.75542831421,40327.61573791504
