"lr=0.001,steps=5,alpha=0.5","lr=0.001,steps=5,alpha=0.75","lr=0.001,steps=5,alpha=0.9","lr=0.001,steps=10,alpha=0.5","lr=0.001,steps=10,alpha=0.75","lr=0.001,steps=10,alpha=0.9","lr=0.001,steps=15,alpha=0.5","lr=0.001,steps=15,alpha=0.75","lr=0.001,steps=15,alpha=0.9","lr=0.003,steps=5,alpha=0.5","lr=0.003,steps=5,alpha=0.75","lr=0.003,steps=5,alpha=0.9","lr=0.003,steps=10,alpha=0.5","lr=0.003,steps=10,alpha=0.75","lr=0.003,steps=10,alpha=0.9","lr=0.003,steps=15,alpha=0.5","lr=0.003,steps=15,alpha=0.75","lr=0.003,steps=15,alpha=0.9","lr=0.0001,steps=5,alpha=0.5","lr=0.0001,steps=5,alpha=0.75","lr=0.0001,steps=5,alpha=0.9","lr=0.0001,steps=10,alpha=0.5","lr=0.0001,steps=10,alpha=0.75","lr=0.0001,steps=10,alpha=0.9","lr=0.0001,steps=15,alpha=0.5","lr=0.0001,steps=15,alpha=0.75","lr=0.0001,steps=15,alpha=0.9"
56842.48609161377,50892.68737792969,49219.05178833008,57340.28409576416,51192.30562591553,48700.27187919617,59229.42391967773,50706.5181388855,48246.22080230713,,,,96115.15342712402,77908.43264770508,67430.02760696411,59069.96421813965,55514.55310821533,,97652.3949584961,86771.47396850586,83630.60861968994,101745.1679840088,83751.66512298584,83477.18040847778,110386.88317871094,84072.5228843689,80881.19160079956
34203.642082214355,27982.12685012817,27186.87232971192,32545.17833328247,28054.30338859558,26794.611166000366,32603.86506843567,29464.988290786743,27333.57661819458,,,,39491.54848861694,32215.50651550293,30691.00825881958,28381.4627494812,26335.38198661804,,52155.86664581299,47179.254611968994,44622.89440155029,53307.51066207886,46104.1413230896,45036.77042770386,53071.60241699219,46315.65970230103,44689.45556640625
27811.0922832489,23506.501690864563,23102.145181655884,27216.298179626465,23651.58280944824,22489.858364105225,27486.769495010376,23782.77978801728,22823.827513694763,,,,31037.674728393555,25739.64831733704,24937.61766433716,23345.0902633667,22109.43081855774,,45662.48617935181,41397.609790802,39087.12857055664,46817.86571884155,40507.91703414917,39215.08506011963,45107.76749420166,40588.22580718994,39534.06875228882
