Lookahead,Adam
48838.90385437012,49471.5442199707
41945.99931335449,42966.39456176758
38198.91929626465,39306.3337097168
35224.561180114746,36484.861183166504
33178.2572555542,35128.86361694336
31137.28887939453,32842.75915527344
29272.55603027344,30944.626655578613
27916.067573547363,29605.401245117188
26710.35235595703,28538.718894958496
25669.49575042725,27339.03077697754
