SGD,Lookahead-SGD
115694.11714935304,142386.45275878906
41610.60470199585,60639.02005004883
32001.343547821045,42764.52326965332
28850.776903152462,34516.554889678955
26095.765283584595,30807.538961410522
25704.176528930664,28614.427534103394
24870.923147201534,27593.353734970093
23537.240465164185,26106.17367362976
23255.151695251465,25654.688364982605
22442.71961402893,24660.80683708191
