Lookahead,Adam
48715.31394958496,49460.18572998047
41493.94143676758,42328.39791870117
38134.57049560547,38212.86001586914
34946.124588012695,35934.16923522949
32759.01067352295,34028.05612945557
30689.616691589355,32141.78025817871
29005.832489013672,30378.346351623535
27305.575256347656,28954.213897705078
26204.88646697998,27873.279571533203
25372.554374694824,26833.311553955078
